﻿<?xml version="1.0" encoding="utf-8"?>
<publishData>
  <publishProfile publishUrl="C:\Users\411767\Desktop\deploy" deleteExistingFiles="False" ftpAnonymousLogin="False" ftpPassiveMode="True" msdeploySite="" msdeploySiteID="" msdeployRemoteSitePhysicalPath="" msdeployAllowUntrustedCertificate="False" msdeploySkipExtraFilesOnServer="True" msdeployMarkAsApp="False" profileName="プロファイル1" publishMethod="FileSystem" replaceMatchingFiles="True" userName="" savePWD="False" userPWD="" SelectedForPublish="True">
    <file relUrl="Views/Home/Index.aspx" publishTime="12/15/2017 16:29:03" />
    <file relUrl="Scripts/jquery.validate.js" publishTime="12/14/2017 15:32:57" />
    <file relUrl="Scripts/MicrosoftAjax.js" publishTime="12/14/2017 15:32:57" />
    <file relUrl="Global.asax" publishTime="12/14/2017 15:32:58" />
    <file relUrl="Scripts/jquery.validate-vsdoc.js" publishTime="12/14/2017 15:32:57" />
    <file relUrl="Scripts/jquery.validate.min.js" publishTime="12/14/2017 15:32:57" />
    <file relUrl="Scripts/jquery-1.4.1.js" publishTime="12/14/2017 15:32:57" />
    <file relUrl="Views/Shared/LogOnUserControl.ascx" publishTime="12/14/2017 15:32:58" />
    <file relUrl="Content/bootstrap.min.css" publishTime="12/14/2017 15:37:29" />
    <file relUrl="Views/Home/About.aspx" publishTime="12/14/2017 15:32:58" />
    <file relUrl="Content/bootstrap-theme.min.css" publishTime="12/14/2017 15:37:29" />
    <file relUrl="bin/ja/System.Web.Mvc.resources.dll" publishTime="03/29/2010 17:36:52" />
    <file relUrl="Scripts/MicrosoftMvcValidation.debug.js" publishTime="12/14/2017 15:32:57" />
    <file relUrl="Views/Home/Convert.aspx" publishTime="12/15/2017 15:00:54" />
    <file relUrl="bin/AddressLatLngBatchConvert.dll" publishTime="12/18/2017 10:44:57" />
    <file relUrl="Scripts/jquery-3.2.1.min.js" publishTime="12/14/2017 15:36:39" />
    <file relUrl="bin/AddressLatLngBatchConvert.pdb" publishTime="12/18/2017 10:44:56" />
    <file relUrl="bin/System.Web.Mvc.xml" publishTime="02/17/2010 08:22:24" />
    <file relUrl="Views/Web.config" publishTime="12/14/2017 15:32:58" />
    <file relUrl="Scripts/jquery-1.4.1.min.js" publishTime="12/14/2017 15:32:57" />
    <file relUrl="bin/System.Web.Mvc.dll" publishTime="02/17/2010 08:24:14" />
    <file relUrl="Scripts/MicrosoftMvcAjax.js" publishTime="12/14/2017 15:32:57" />
    <file relUrl="Views/Shared/Site.Master" publishTime="12/14/2017 15:32:58" />
    <file relUrl="Views/Shared/Error.aspx" publishTime="12/14/2017 15:32:58" />
    <file relUrl="Web.config" publishTime="12/18/2017 10:42:21" />
    <file relUrl="Content/Site.css" publishTime="12/14/2017 15:38:15" />
    <file relUrl="Scripts/MicrosoftAjax.debug.js" publishTime="12/14/2017 15:32:57" />
    <file relUrl="Scripts/MicrosoftMvcValidation.js" publishTime="12/14/2017 15:32:57" />
    <file relUrl="Scripts/MicrosoftMvcAjax.debug.js" publishTime="12/14/2017 15:32:57" />
    <file relUrl="Scripts/bootstrap.min.js" publishTime="12/14/2017 15:36:39" />
    <file relUrl="Scripts/jquery-1.4.1-vsdoc.js" publishTime="12/14/2017 15:32:57" />
  </publishProfile>
</publishData>