﻿<?xml version="1.0" encoding="utf-8"?>
<publishData>
  <publishProfile publishUrl="C:\Users\411767\Desktop\deploy" deleteExistingFiles="False" ftpAnonymousLogin="False" ftpPassiveMode="True" msdeploySite="" msdeploySiteID="" msdeployRemoteSitePhysicalPath="" msdeployAllowUntrustedCertificate="False" msdeploySkipExtraFilesOnServer="True" msdeployMarkAsApp="False" profileName="プロファイル1" publishMethod="FileSystem" replaceMatchingFiles="True" userName="" savePWD="False" userPWD="" SelectedForPublish="True">
    <file relUrl="Views/Home/Index.aspx" publishTime="11/28/2017 13:35:25" />
    <file relUrl="Scripts/MicrosoftAjax.js" publishTime="11/28/2017 10:28:34" />
    <file relUrl="Global.asax" publishTime="11/28/2017 10:28:34" />
    <file relUrl="bin/EntityFramework.xml" publishTime="03/02/2015 09:32:26" />
    <file relUrl="bin/EntityFramework.SqlServer.dll" publishTime="03/02/2015 09:32:26" />
    <file relUrl="bin/EntityFramework.SqlServer.xml" publishTime="03/02/2015 09:32:26" />
    <file relUrl="Scripts/jquery-1.4.1.js" publishTime="11/28/2017 10:28:34" />
    <file relUrl="Views/Shared/LogOnUserControl.ascx" publishTime="11/28/2017 10:28:34" />
    <file relUrl="Content/bootstrap.min.css" publishTime="11/28/2017 11:18:13" />
    <file relUrl="Scripts/MicrosoftMvcValidation.debug.js" publishTime="11/28/2017 10:28:34" />
    <file relUrl="Content/bootstrap-theme.min.css" publishTime="11/28/2017 11:18:13" />
    <file relUrl="bin/ja/System.Web.Mvc.resources.dll" publishTime="03/29/2010 17:36:52" />
    <file relUrl="Scripts/jquery.validate.min.js" publishTime="11/28/2017 10:28:34" />
    <file relUrl="Content/main.css" publishTime="11/28/2017 13:15:45" />
    <file relUrl="Views/Log/Main.aspx" publishTime="11/30/2017 13:43:43" />
    <file relUrl="Scripts/jquery-3.2.1.min.js" publishTime="11/28/2017 11:17:36" />
    <file relUrl="Views/Log/QueryLog.ascx" publishTime="11/29/2017 15:29:40" />
    <file relUrl="Scripts/moment.min.js" publishTime="11/28/2017 19:22:17" />
    <file relUrl="Scripts/jquery.validate.js" publishTime="11/28/2017 10:28:34" />
    <file relUrl="Content/Site.css" publishTime="11/28/2017 11:27:38" />
    <file relUrl="bin/System.Web.Mvc.xml" publishTime="02/17/2010 08:22:24" />
    <file relUrl="Views/Home/QuerySession.ascx" publishTime="11/29/2017 10:14:11" />
    <file relUrl="bin/SessionManagement.dll" publishTime="11/30/2017 13:44:33" />
    <file relUrl="Scripts/jquery.validate-vsdoc.js" publishTime="11/28/2017 10:28:34" />
    <file relUrl="Scripts/bootstrap-datetimepicker.min.js" publishTime="11/28/2017 19:12:10" />
    <file relUrl="Scripts/jquery-1.4.1.min.js" publishTime="11/28/2017 10:28:34" />
    <file relUrl="Scripts/MicrosoftMvcAjax.debug.js" publishTime="11/28/2017 10:28:34" />
    <file relUrl="Views/Home/Main.aspx" publishTime="11/30/2017 13:44:10" />
    <file relUrl="bin/System.Web.Mvc.dll" publishTime="02/17/2010 08:24:14" />
    <file relUrl="Views/Shared/Site.Master" publishTime="11/28/2017 10:28:34" />
    <file relUrl="Views/Log/Error1.aspx" publishTime="11/29/2017 15:24:14" />
    <file relUrl="fonts/glyphicons-halflings-regular.svg" publishTime="11/28/2017 15:45:53" />
    <file relUrl="Views/Log/Detail.aspx" publishTime="11/29/2017 15:54:16" />
    <file relUrl="Views/Shared/Error.aspx" publishTime="11/28/2017 10:28:34" />
    <file relUrl="Scripts/jquery-1.4.1-vsdoc.js" publishTime="11/28/2017 10:28:34" />
    <file relUrl="bin/SessionManagement.pdb" publishTime="11/30/2017 13:44:32" />
    <file relUrl="Scripts/bootstrap.min.js" publishTime="11/28/2017 11:17:36" />
    <file relUrl="Content/bootstrap-datetimepicker.min.css" publishTime="11/28/2017 19:25:10" />
    <file relUrl="Scripts/moment-with-locales.min.js" publishTime="11/28/2017 19:31:04" />
    <file relUrl="Scripts/MicrosoftAjax.debug.js" publishTime="11/28/2017 10:28:34" />
    <file relUrl="bin/EntityFramework.dll" publishTime="03/02/2015 09:32:24" />
    <file relUrl="Scripts/MicrosoftMvcAjax.js" publishTime="11/28/2017 10:28:34" />
    <file relUrl="Scripts/MicrosoftMvcValidation.js" publishTime="11/28/2017 10:28:34" />
    <file relUrl="Web.config" publishTime="11/30/2017 13:30:15" />
    <file relUrl="Views/Web.config" publishTime="11/28/2017 10:28:34" />
  </publishProfile>
</publishData>